{
  "trasau_url": "https://cuahangviettel.vn/trasau",
  "goithang": {
    "name": "GÓI THÁNG",
    "title": "TRỌN GÓI CHỈ TỪ 70.000Đ - SỬ DỤNG TRÊN MẠNG 3G/4G",
    "description": "Gói data tháng  dành cho khách hàng có nhu cầu sử dụng internet thường xuyên tren di động \n Gói cước sử dụng chung các mạng 3G/4G. Gói data Mimax70 (70.000đ có 3Gb tốc độ cao sử dụng trong 30 ngày) phù hợp với nhu cầu đọc báo, nghe nhạc, nhắn tin, online, lướt facebook \n Gói data Mimax90 (90.000đ có 5GB tốc độ cao sử dụng trong 30 ngày) phù hợp với nhu cầu đọc báo, nghe nhạc, check mail, nhắn tin, online, lướt facebook, video call thoải mái với bạn bè.\nNếu bạn thích xem video trên Youtube, facebook thì gói Mimax125 (125.000đ có 8Gb tốc độ cao sử dụng trong 30 ngày) sẽ đáp ứng nhu cầu của bạn. \n Nếu bạn là tín đồ nghiền phim Online hoặc trò chơi trên điện thoại di động thì hãy sử dụng gói data Mimax200 (200.000đ có 15 Gb tốc độ cao) và Umax (300.000đ có 30Gb tốc độ cao) sinh ra dành cho bạn rồi.",
    "items": [{
      "id": 1,
      "name": "Mimax 70",
      "data": "3Gb",
      "price": "70,000 đ",
      "time": "30 ngày",
      "isHot": true,
      "description": "Gói cước data trọn gói. Sử dụng trên cả mạng 3G/4G. \n Với 70.000đ Quý khách sẽ có 3GB lưu lượng tốc độ cao, sử dụng trong 30 ngày (đối với TB trả trước) hoặc theo chu kỳ tháng (đối với TB trả sau)."
    }]
  },
  "menu-items": [{
      "id": 1,
      "name": "Di động",
      "dropbox": [{
          "id": 1,
          "name": "Sim số",
          "url": "https://cuahangviettel.vn/tin-tuc/di-dong"
        },
        {
          "id": 2,
          "name": "Gói trả trước",
          "url": "https://cuahangviettel.vn/tin-tuc/di-dong/goi-tra-truoc"
        },
        {
          "id": 3,
          "name": "Gói trả sau",
          "url": "https://cuahangviettel.vn/trasau/"
        },
        {
          "id": 4,
          "name": "Gói data",
          "url": "https://cuahangviettel.vn/goidata/"
        },
        {
          "id": 5,
          "name": "Dịch vụ GTGT",
          "url": "https://cuahangviettel.vn/tin-tuc/di-dong/dich-vu-gtgt"
        }
      ]
    },

    {
      "id": 2,
      "name": "Internet-Truyền hình",
      "dropbox": [{
          "id": 1,
          "name": "Cáp quang FTTH",
          "url": "https://cuahangviettel.vn/tin-tuc/internet-truyen-hinh/internet-ftth"
        },
        {
          "id": 2,
          "name": "Truyền hình Viettel",
          "url": "https://cuahangviettel.vn/tin-tuc/internet-truyen-hinh/viettel-tv"
        },
        {
          "id": 3,
          "name": "Combo",
          "url": "https://cuahangviettel.vn/tin-tuc/internet-truyen-hinh/combo"
        },
        {
          "id": 4,
          "name": "Điện thoại cố định",
          "url": "https://cuahangviettel.vn/tin-tuc/internet-truyen-hinh/dien-thoai-co-dinh"
        }
      ]
    },
    {
      "id": 3,
      "name": "Ứng dụng số",
      "dropbox": [{
          "id": 1,
          "name": "ViettelPay - Thanh toán & Chuyển tiền",
          "url": "https://cuahangviettel.vn/tin-tuc/ung-dung-so/viettel-pay"
        },
        {
          "id": 2,
          "name": "BankPlus - Ngân hàng di động",
          "url": "https://cuahangviettel.vn/tin-tuc/ung-dung-so/bank-plus"
        },
        {
          "id": 3,
          "name": "VTPay - Thanh toán điện từ",
          "url": "https://cuahangviettel.vn/tin-tuc/ung-dung-so/bank-plus"
        },
        {
          "id": 4,
          "name": "Smart Moto - Giám sát và chống trộm xe máy",
          "url": "https://cuahangviettel.vn/tin-tuc/ung-dung-so/smart-moto"
        },
        {
          "id": 5,
          "name": "Viettel Study - Cổng giáo dục trực tuyến",
          "url": "https://cuahangviettel.vn/tin-tuc/ung-dung-so/viettel-study"
        },
        {
          "id": 6,
          "name": "Viettel CA - Chữ ký số",
          "url": "https://cuahangviettel.vn/tin-tuc/ung-dung-so/chu-ky-so"
        },
        {
          "id": 7,
          "name": "Chuyển tiền mặt",
          "url": "https://cuahangviettel.vn/tin-tuc/ung-dung-so/chuyen-tien-mat"
        }
      ]
    },
    {
      "id": 4,
      "name": "Thiết bị - Điện thoại",
      "dropbox": [{
          "id": 1,
          "name": "Smartphone chính hãng",
          "url": "#"
        },
        {
          "id": 2,
          "name": "Khuyến mại Smartphone",
          "url": "#"
        },
        {
          "id": 3,
          "name": "Điện thoại Viettel",
          "url": "#"
        },
        {
          "id": 4,
          "name": "Tablet chính hãng",
          "url": "#"
        },
        {
          "id": 5,
          "name": "Điện thoại cơ bản",
          "url": "#"
        },
        {
          "id": 6,
          "name": "Bộ phát wifi 4G",
          "url": "#"
        }
      ]
    },
    {
      "id": 4,
      "name": "Hỗ trợ CSKH",
      "dropbox": [{
          "id": 1,
          "name": "Viettel Privilege",
          "url": "https://cuahangviettel.vn/tin-tuc/viettel-privilege.html"
        },
        {
          "id": 3,
          "name": "Tra cứu TBTT cần cập nhật lại thông tin",
          "url": "https://viettel.vn/check-info"
        },
        {
          "id": 4,
          "name": "Câu hỏi thường gặp",
          "url": "https://viettel.vn/ho-tro/cau-hoi-thuong-gap"
        },
        {
          "id": 5,
          "name": "Thông tin bảo hành",
          "url": "https://viettel.vn/ho-tro/sua-chua-va-bao-hanh"
        },
        {
          "id": 6,
          "name": "Thông tin hỗ trợ",
          "url": "https://viettel.vn/ho-tro/thong-tin-hotro/giai-dap-online"
        },
        {
          "id": 7,
          "name": "Lắng nghe để phát triển",
          "url": "https://viettel.vn/gop-y-viettel"
        }
      ]
    },
    {
      "id": 5,
      "name": "Tin tức",
      "url": "https://cuahangviettel.vn/tin-tuc/"
    }

  ],
  "service": {
    "services1": [{
        "name": "Internet cáp quang",
        "url": "https://cuahangviettel.vn/tin-tuc/internet-truyen-hinh/internet-ftth",
        "noFollow": false
      },
      {
        "name": "Truyền hình Viettel",
        "url": "https://cuahangviettel.vn/tin-tuc/internet-truyen-hinh/viettel-tv",
        "noFollow": false
      },
      {
        "name": "Combo internet + truyền hình",
        "url": "https://cuahangviettel.vn/tin-tuc/internet-truyen-hinh/combo",
        "noFollow": false
      },
      {
        "name": "Điện thoại cố định",
        "url": "https://cuahangviettel.vn/tin-tuc/internet-truyen-hinh/dien-thoai-co-dinh",
        "noFollow": false
      },
      {
        "name": "Gói data di động",
        "url": "https://cuahangviettel.vn/tin-tuc/di-dong/goi-data",
        "noFollow": false
      },
      {
        "name": "Gói cước trả sau",
        "url": "https://cuahangviettel.vn/tin-tuc/di-dong/goi-tra-sau",
        "noFollow": false
      },
      {
        "name": "Sim số",
        "url": "https://cuahangviettel.vn/tin-tuc/di-dong/goi-tra-truoc",
        "noFollow": false
      }
    ],
    "services2": [{
        "url": "https://cuahangviettel.vn/tin-tuc/ung-dung-so/smart-moto",
        "name": "Giám sát và chống trộm xe máy - Smart Motor",
        "noFollow": false
      },

      {
        "url": "https://cuahangviettel.vn/tin-tuc/ung-dung-so/viettel-study",
        "name": "Cổng giáo dục trực tuyến - Viettel Study",
        "noFollow": false
      },
      {
        "url": "https://cuahangviettel.vn/tin-tuc/ung-dung-so/viettel-pay",
        "name": "Thanh toán điện từ - VTPay",
        "noFollow": false
      },
      {
        "url": "https://cuahangviettel.vn/tin-tuc/ung-dung-so/bao-hiem-an-tam",
        "name": "Dịch vụ Bảo hiểm Bảo Tâm An",
        "noFollow": false
      },
      {
        "url": "https://cuahangviettel.vn/tin-tuc/ung-dung-so/bank-plus",
        "name": "Ngân hàng di động - BankPlus",
        "noFollow": false
      },
      {
        "url": "https://cuahangviettel.vn/tin-tuc/ung-dung-so/chu-ky-so",
        "name": "Chữ ký số - Viettel CA",
        "noFollow": false
      },
      {
        "url": "https://cuahangviettel.vn/tin-tuc/ung-dung-so/chuyen-tien-mat",
        "name": "Chuyển tiền mặt",
        "noFollow": false
      }
    ]
  },
  "helps": [{
      "url": "https://cuahangviettel.vn/tin-tuc/chinh-sach-bao-hanh-dien-thoai.html",
      "name": "Chính sách bảo hành điện thoại",
      "noFollow": false
    },
    {
      "url": "https://cuahangviettel.vn/tin-tuc/dieu-khoan-mua-hang.html",
      "name": "Điều khoản mua hàng",
      "noFollow": false
    },
    {
      "url": "https://cuahangviettel.vn/tin-tuc/quy-trinh-mua-hang.html",
      "name": "Quy trình mua hàng",
      "noFollow": true

    },
    {
      "url": "https://viettel.vn/ho-tro/cau-hoi-thuong-gap",
      "name": "Câu hỏi thường gặp",
      "noFollow": true
    },
    {
      "noFollow": true,
      "name": "Thông tin hỗ trợ",
      "url": "https://viettel.vn/ho-tro/thong-tin-hotro/giai-dap-online"
    },
    {
      "noFollow": false,
      "name": "Tin tức",
      "url": "https://cuahangviettel.vn/tin-tuc/"
    }
  ],
  "cuahangviettel": [
    {
      "url": "",
      "name":   "Giới thiệu",
      "noFollow": true
    },
   
    {
      "url": "https://viettel.vn/my-viettel/thong-tin-nguoi-dung",
      "name":  "Thông tin cá nhân",
      "noFollow": true
    },
    {
      "url": "https://viettel.vn/my-viettel/quan-ly-tai-khoan",
      "name":  "Quản lý tài khoản",
      "noFollow": true
    },
    {
      "url": "https://viettel.vn/my-viettel/quan-ly-bill",
      "name":   "Quản lý cước",
      "noFollow": true
    },
    {
      "url": "https://viettel.vn/my-viettel/quan-ly-giao-dich",
      "name":  "Quản lý giao dịch",
      "noFollow": true
    },
    {
      "url": "",
      "name": "Chính sách bảo mật",
      "noFollow": true
    }
  ]
}
