{
    "Trang tính1": [
        {
            "id": "1",
            "name": "Gói Tháng",
            "title": "Trọn gói chỉ từ 70.000đ - Sử dụng trên mạng 3G/4G",
            "description": "Gói data tháng  dành cho khách hàng có nhu cầu sử dụng internet thường xuyên tren di động\nGói cước sử dụng chung các mạng 3G/4G. Gói data Mimax70 (70.000đ có 3Gb tốc độ cao sử dụng trong 30 ngày) phù hợp với nhu cầu đọc báo, nghe nhạc, nhắn tin, online, lướt facebook\nGói data Mimax90 (90.000đ có 5GB tốc độ cao sử dụng trong 30 ngày) phù hợp với nhu cầu đọc báo, nghe nhạc, check mail, nhắn tin, online, lướt facebook, video call thoải mái với bạn bè.\nNếu bạn thích xem video trên Youtube, facebook thì gói Mimax125 (125.000đ có 8Gb tốc độ cao sử dụng trong 30 ngày) sẽ đáp ứng nhu cầu của bạn.\nNếu bạn là tín đồ nghiền phim Online hoặc trò chơi trên điện thoại di động thì hãy sử dụng gói data Mimax200 (200.000đ có 15 Gb tốc độ cao) và Umax (300.000đ có 30Gb tốc độ cao) sinh ra dành cho bạn rồi."
        },
        {
            "id": "2",
            "name": "Eco Data",
            "title": "Luôn tốc độ cao",
            "description": "Gói cước Eco Data phù hợp với khách hàng luôn muốn trải nghiệm internet tốc độ cao. Sau khi sử dụng hết lưu lượng của gói cước, Quý khách đăng ký lại chính gói cước hoặc đăng ký các gói mua thêm để tiếp tục truy cập internet."
        },
        {
            "id": "3",
            "name": "Gói Mua Thêm",
            "title": "Gói mua thêm lưu lượng",
            "description": "Quý khách có thể mua thêm lưu lượng tốc độ cao để sử dụng sau khi gói data tháng hết lưu lượng."
        },
        {
            "id": "4",
            "name": "Tomato Data",
            "title": "Không giới hạn thời gian sử dụng",
            "description": "Gói cước Tomato Data phù hợp với khách hàng mới trải nghiệm data 3G/4G trong những tình huống cấp bách ( tìm đường, check mail, chat OTT, gọi xe...) Tomato data giúp bạn luôn an tâm vì luôn có sẵn data không giới hạn thời gian sử dụng."
        },
        {
            "id": "5",
            "name": "Gói Thoại + Data",
            "title": "Lướt web, liên lạc tẹt ga không lo về giá",
            "description": "Gói data tháng  dành cho khách hàng có nhu cầu sử dụng internet thường xuyên tren di động\nGói cước sử dụng chung các mạng 3G/4G"
        },
        {
            "id": "6",
            "name": "Data Theo Ngày",
            "title": "Phù hợp với nhu cầu data không thường xuyên",
            "description": "Gói cước data ngày phù hợp với nhu cầu sử dụng internet thường xuyên ( khi di chuyển/đi du lịch/công tác) hoặc nhu cầu sử dụng internet tăng đột xuất trong ngày (xem phim/chơi game/tải dữ liệu....)"
        },
        {
            "id": "7",
            "name": "Gói Data Only (Dcom)",
            "title": "Chỉ dành cho sim DCOM",
            "description": "Gói data Only phục vụ cho nhu cầu truy cập internet lớn trên các thiết bị di động/máy tính bảng và nhắn tin, không sử dụng để gọi."
        },
        {
            "id": "8",
            "name": "Mua Thêm Data Dcom",
            "title": "Mua thêm khi hết lưu lượng data",
            "description": "Gói data Only phục vụ cho nhu cầu truy cập internet lớn trên các thiết bị di động/máy tính bảng và nhắn tin, không sử dụng để gọi."
        }
    ],
    "Trang tính2": [
        {
            "p_id": "1",
            "id": "1",
            "name": "Mimax70",
            "price": "70,000",
            "description": "Gói cước data trọn gói. Sử dụng trên cả mạng 3G/4G.\n\nVới 70.000đ Quý khách sẽ có 3GB lưu lượng tốc độ cao, sử dụng trong 30 ngày (đối với TB trả trước) hoặc theo chu kỳ tháng (đối với TB trả sau).",
            "data": "3GB",
            "isHot": true,
            "time": "30 ngày",
            "url": "https://shop.viettel.vn/frame/dang-ky-goi-cuoc?code=mimax70&ch=230583"
        },
        {
            "p_id": "1",
            "id": "2",
            "name": "MimaxSV",
            "price": "50,000",
            "description": "Gói cước data trọn gói. Sử dụng trên cả mạng 3G/4G.\n\nVới 50.000đ Quý khách sẽ có 3GB lưu lượng tốc độ cao, sử dụng trong 30 ngày (đối với TB trả trước) hoặc theo chu kỳ tháng (đối với TB trả sau).",
            "data": "3GB",
            "isHot": false,
            "time": "30 ngày",
            "url": "https://shop.viettel.vn/frame/dang-ky-goi-cuoc?code=mimaxsv&ch=230583"
        },
        {
            "p_id": "1",
            "id": "3",
            "name": "Mimax90",
            "price": "90,000",
            "description": "Gói cước data trọn gói. Sử dụng trên cả mạng 3G/4G.\n\nVới 90.000đ Quý khách sẽ có 5GB lưu lượng tốc độ cao, sử dụng trong 30 ngày (đối với TB trả trước) hoặc theo chu kỳ tháng (đối với TB trả sau)",
            "data": "5GB",
            "isHot": false,
            "time": "30 ngày",
            "url": "https://shop.viettel.vn/frame/dang-ky-goi-cuoc?code=mimax90&ch=230583"
        },
        {
            "p_id": "1",
            "id": "4",
            "name": "Mimax125",
            "price": "125,000",
            "description": "Gói cước data trọn gói. Sử dụng trên cả mạng 3G/4G.\n\nVới 125.000đ Quý khách sẽ có 8GB lưu lượng tốc độ cao, sử dụng trong 30 ngày (đối với TB trả trước) hoặc theo chu kỳ tháng (đối với TB trả sau).",
            "data": "8GB",
            "isHot": false,
            "time": "30 ngày",
            "url": "https://shop.viettel.vn/frame/dang-ky-goi-cuoc?code=mimax125&ch=230583"
        },
        {
            "p_id": "1",
            "id": "5",
            "name": "Mimax200",
            "price": "200,000",
            "description": "Gói cước data trọn gói. Sử dụng trên cả mạng 3G/4G.\n\nVới 200.000đ Quý khách sẽ có 15GB lưu lượng tốc độ cao, sử dụng trong 30 ngày (đối với TB trả trước) hoặc theo chu kỳ tháng (đối với TB trả sau).",
            "data": "15GB",
            "isHot": false,
            "time": "30 ngày",
            "url": "https://shop.viettel.vn/frame/dang-ky-goi-cuoc?code=mimax200&ch=230583"
        },
        {
            "p_id": "1",
            "id": "6",
            "name": "Umax300",
            "price": "300,000",
            "description": "Với 300.000 đồng, Quý khách được truy cập Internet không giới hạn lưu lượng tốc độ cao. Hết 30GB đầu, tốc độ cao giới hạn về 1Mbps. Chu kỳ gói cước 30 ngày, sau 30 ngày hệ thống tự động gia hạn",
            "data": "30GB",
            "isHot": true,
            "time": "30 ngày",
            "url": "https://shop.viettel.vn/frame/dang-ky-goi-cuoc?code=umax300&ch=230583"
        },
        {
            "p_id": "5",
            "id": "1",
            "name": "T50K",
            "price": "50,000",
            "description": "Dành cho thuê bao di động  trả trước nằm trong danh sách.\nSố dư tài khoản từ 50.000đ trở lên.\n\nThông tin ưu đãi từ gói T50K của Viettel:\nCước phí:  50.000đ/lần đăng ký thành công.\nThời gian sử dụng: 30 ngày.\n\nNhững ưu đãi của gói T50K Viettel:\nMiễn phí 200 phút gọi nội mạng Viettel.\nMiễn phí 100 SMS để nhắn tin nội mạng Viettel.",
            "data": "200 phút nội mạng\n100 sms nội mạng",
            "isHot": false,
            "time": "30 ngày",
            "url": "https://shop.viettel.vn/frame/dang-ky-goi-cuoc?code=t50k&ch=230583"
        },
        {
            "p_id": "5",
            "id": "2",
            "name": "T70K",
            "price": "70,000",
            "description": "Dành cho thuê bao di động  trả trước nằm trong danh sách.\nSố dư tài khoản từ 70.000đ trở lên.\n\nThông tin ưu đãi từ gói T70K của Viettel:\nCước phí:  70.000đ/lần đăng ký thành công.\nThời gian sử dụng: 30 ngày.\n\nNhững ưu đãi của gói T70K Viettel:\nCộng 500 phút gọi nội mạng Viettel miễn phí\nCộng 150 tin nhắn sms viettel nội mạng",
            "data": "500 phút nội mạng\n150 sms nội mạng",
            "isHot": false,
            "time": "30 ngày",
            "url": "https://shop.viettel.vn/frame/dang-ky-goi-cuoc?code=t70k&ch=230583"
        },
        {
            "p_id": "5",
            "id": "3",
            "name": "T80K",
            "price": "80,000",
            "description": "Dành cho thuê bao di động  trả trước nằm trong danh sách.\nSố dư tài khoản từ 80.000đ trở lên.\n\nThông tin ưu đãi từ gói T80K của Viettel:\nCước phí:  80.000đ/lần đăng ký thành công.\nThời gian sử dụng: 30 ngày.\n\nNhững ưu đãi của gói T80K Viettel:\nMiễn phí 500 phút gọi nội mạng Viettel.\nMiễn phí 500 SMS sử dụng để nhắn tin nội mạng Viettel.",
            "data": "500 phút nội mạng\n500 sms nội mạng",
            "isHot": false,
            "time": "30 ngày",
            "url": "https://shop.viettel.vn/frame/dang-ky-goi-cuoc?code=t80k&ch=230583"
        },
        {
            "p_id": "5",
            "id": "4",
            "name": "B100K",
            "price": "100,000",
            "description": "Dành cho thuê bao di động  trả trước nằm trong danh sách.\nSố dư tài khoản từ 100.000đ trở lên.\n\nThông tin ưu đãi từ gói B100K của Viettel:\nCước phí:  100.000đ/lần đăng ký thành công.\nThời gian sử dụng: 30 ngày.\n\nNhững ưu đãi của gói B100K Viettel:\nMiễn phí 500 phút gọi nội mạng Viettel.\nMiễn phí 600Mb data tốc độ cao.",
            "data": "500 phút nội mạng\n600Mb Data",
            "isHot": true,
            "time": "30 ngày",
            "url": "https://shop.viettel.vn/frame/dang-ky-goi-cuoc?code=b100k&ch=230583"
        },
        {
            "p_id": "5",
            "id": "5",
            "name": "B150K",
            "price": "150,000",
            "description": "Dành cho thuê bao di động  trả trước nằm trong danh sách.\nSố dư tài khoản từ 150.000đ trở lên.\n\nThông tin ưu đãi từ gói B150K của Viettel:\nCước phí:  150.000đ/lần đăng ký thành công.\nThời gian sử dụng: 30 ngày.\n\nNhững ưu đãi của gói B150K Viettel:\nMiễn phí 500 phút gọi nội mạng Viettel.\nMiễn phí 500 sms nội mạng Viettel.\nMiễn phí 1.5GB data tốc độ cao.",
            "data": "500P nội mạng + 1.5GB\n500 sms nội mạng",
            "isHot": false,
            "time": "30 ngày",
            "url": "https://shop.viettel.vn/frame/dang-ky-goi-cuoc?code=b150k&ch=230583"
        },
        {
            "p_id": "7",
            "id": "1",
            "name": "D30",
            "price": "30,000",
            "description": "Cước thuê bao: 30.000đ/30 ngày:\n\n2.5GB truy câp tốc độ cao.\nCước phát sinh vượt gói: Khi dùng hết lưu lượng gói, khách hàng tiếp tục truy cập 3G sẽ bị tính cước ở mức 9,76đ/50KB",
            "data": "2.5GB",
            "isHot": false,
            "time": "30 ngày",
            "url": "https://shop.viettel.vn/frame/dang-ky-goi-cuoc?code=D30&ch=230583"
        },
        {
            "p_id": "7",
            "id": "2",
            "name": "D50",
            "price": "50,000",
            "description": "Là gói cước trọn gói dành cho thuê bao Dcom trả trước. Với 50.000đ Quý khách có 3.5GB sử dụng trong 30 ngày. Hết dung lượng miễn phí sẽ truy cập với tốc độ bình thường",
            "data": "3.5GB",
            "isHot": false,
            "time": "30 ngày",
            "url": "https://shop.viettel.vn/frame/dang-ky-goi-cuoc?code=D50&ch=230583"
        },
        {
            "p_id": "7",
            "id": "3",
            "name": "D70",
            "price": "70,000",
            "description": "Là gói cước trọn gói dành cho thuê bao Dcom trả trước. Với 70.000đ Quý khách có 7GB sử dụng trong 30 ngày. Hết dung lượng miễn phí sẽ truy cập với tốc độ bình thường",
            "data": "7GB",
            "isHot": true,
            "time": "30 ngày",
            "url": "https://shop.viettel.vn/frame/dang-ky-goi-cuoc?code=D70&ch=230583"
        },
        {
            "p_id": "7",
            "id": "4",
            "name": "D90",
            "price": "90,000",
            "description": "Là gói cước trọn gói dành cho thuê bao Dcom trả trước. Với 90.000đ Quý khách có 10GB sử dụng trong 30 ngày. Hết dung lượng miễn phí sẽ truy cập với tốc độ bình thường",
            "data": "10GB",
            "isHot": false,
            "time": "30 ngày",
            "url": "https://shop.viettel.vn/frame/dang-ky-goi-cuoc?code=D90&ch=230583"
        },
        {
            "p_id": "7",
            "id": "5",
            "name": "D120",
            "price": "120,000",
            "description": "Là gói cước trọn gói dành cho thuê bao Dcom trả trước. Với 120.000đ Quý khách có 12GB sử dụng trong 30 ngày. Hết dung lượng miễn phí sẽ truy cập với tốc độ bình thường",
            "data": "12GB",
            "isHot": false,
            "time": "30 ngày",
            "url": "https://shop.viettel.vn/frame/dang-ky-goi-cuoc?code=D120&ch=230583"
        },
        {
            "p_id": "7",
            "id": "6",
            "name": "D200",
            "price": "200,000",
            "description": "Là gói cước trọn gói dành cho thuê bao Dcom trả trước. Với 200.000đ Quý khách có 20GB sử dụng trong 30 ngày. Hết dung lượng miễn phí sẽ truy cập với tốc độ bình thường",
            "data": "20GB",
            "isHot": false,
            "time": "30 ngày",
            "url": "https://shop.viettel.vn/frame/dang-ky-goi-cuoc?code=D200&ch=230583"
        },
        {
            "p_id": "7",
            "id": "7",
            "name": "D500",
            "price": "500,000",
            "description": "Với 500.000đ Quý khách có 48GB tốc độ cao trong vòng 12 tháng tính từ tháng đăng ký, hết tốc độ cao miễn phí sử dụng tốc độ thường",
            "data": "48GB",
            "isHot": true,
            "time": "12 tháng",
            "url": "https://shop.viettel.vn/frame/dang-ky-goi-cuoc?code=D500&ch=230583"
        },
        {
            "p_id": "7",
            "id": "8",
            "name": "D900",
            "price": "900,000",
            "description": "Là gói cước trọn gói dành cho thuê bao Dcom trả trước. Với 900.000đ Quý khách có 84GB trong vòng 12 tháng tính từ tháng đăng ký, hết tốc độ cao miễn phí sử dụng tốc độ thường.",
            "data": "84GB",
            "isHot": true,
            "time": "12 tháng",
            "url": "https://shop.viettel.vn/frame/dang-ky-goi-cuoc?code=D900&ch=230583"
        }
    ]
}